{
	"csp_xiv_remnant":{

        "required_mods_id": ["Csp"],

        "trigger_market_id":["jangala"],
		"trigger_marketFaction_any":["independent","hegemony","luddic_church","persean","sindrian_diktat","tritachyon"],
		"trigger_marketFaction_alliedWith":true,
		#"trigger_marketFaction_none":["pirates"],
		#"trigger_marketFaction_enemyWith":false,
		"trigger_market_minSize":5,
		"trigger_player_minLevel":12,
		"trigger_min_days_elapsed":1,
		"trigger_weight_mult":1,
		#"trigger_memKeys_all":{},
		#"trigger_memKeys_any":{},
		#"trigger_playerRelationship_atLeast":{"hegemony":0.1,},
		"trigger_playerRelationship_atMost":{
		},

		"job_name":"Prolonging The Inevitable",
		"job_description":"This kill order comes from the highest command of the Hegemony military. The target is a fleet bearing the colours of the Fourteenth Battlegroup that have been reaving Hegemony patrol detachments with great efficiency and effectiveness. The fleet's focus on capturing Fourteenth Battlegroup vessels is particularly concerning to the High Hegemon, considering the limited ability for the Hegemony to replace these hulls. This fleet has all the hallmarks of a deserter from the Hegemony having a bone to pick with the High Hegemon, except for something completely illogical; ==Critical information in the kill order about the target has been liberally censored by ComSec, similar to the obfuscation used when posting bounties about autonomous threats.== While the target's true identity is a mystery, the bounty for executing the kill order is very real, ==along with subtle indications that the High Hegemon himself would be exceptionally pleased by this target's elimination.==",
		#"job_description":"error?",
		"job_comm_reply":"As you draw closer, you get the visual confirmation of the target. Looking at the thing in front of you, powering its weapons, you get a feeling of extreme disgust directed towards it. Disgust at this mere line of code who dares to desecrate bodies of the fallen. \nYour second in command cuts into your thoughts, bringing up the sensor scans showing the vast majority of the wreckage has been identified as Hegemony vessels, with majority covered in markings of the Fourteenth Battlegroup. Most of these irreplaceable vessels were stripped clean of their Pre-Collapse armor and electronics, leaving only a trail of leftover parts, with dead marines and ship crew mixed into it. The corpses are twisted and contorted in ways that are inconsistent with simple decompression and venting and are placed in strange geometric and fractal patterns, limply hanging in space like abhorrent holo-art created by deranged mind. \nThe target sends the simple message on all communication frequencies: 'Now I am become Death, the destroyer of worlds' ",
		#"job_comm_reply":"error?",
		"job_intel_success": "",
		#"job_intel_success": "error?",
		#"job_intel_failure": "",
		"job_intel_expired": "",
		#"job_intel_expired": "error?",
		"job_forFaction":"hegemony",
		"job_difficultyDescription": "auto",
		"job_deadline":"no limit",
		"job_reputation_reward":50,
		"job_item_reward": {},
		"job_credit_reward":1500000,
		"job_reward_scaling":1.5,
		"job_type":"obliteration",
		"job_show_type":true,
		"job_show_captain":false,
		"job_show_fleet":"None",
		"job_show_distance":"vanillaDistance",
		"job_show_arrow":true,
		"job_pick_option":"Accept the job",
		#"job_pick_script":"magiclib_test_bounty_completed",
		"job_memKey":"$bountyId",
		#"job_conclusion_script":"magiclib_test_bounty_completed",

		"target_first_name":"The",
		"target_last_name":"Impossibility",
		"target_portrait":"graphics/portraits/csp_xivai.png",
		"target_gender":"UNDEFINED",
		"target_rank":"SpecRem1",
		"target_post":"SpecRem1",
		"target_personality":"reckless",
		"target_aiCoreId": "alpha_core",
		"target_level":14,
		"target_elite_skills":14,
		"target_skill_preference":"YES_ENERGY_YES_BALLISTIC_YES_MISSILE_YES_DEFENSE,",
		#"target_skills":{},

		"fleet_name":"The Impossibility's Unfathomables",
		"fleet_faction":"remnant",
		#"fleet_flagship_variant":"hyperion_Strike",
		"fleet_flagship_variant":"csp_xivbrilliant_flagship",
		"fleet_flagship_name":"The Singularity",
		"fleet_flagship_recoverable":false,
		"fleet_preset_ships":{
			"csp_xivcoelum_elite":2,
			"csp_xivfulgent_elite":2,
			"csp_xivglimmer_elite":3,
			"csp_xivlumen_elite":3,
			"csp_xivscintilla_elite":2,
			"csp_ravelinxiv_future":1,
			"csp_xivbrilliant_general":2,
			"csp_xivbrilliant_support":2,
			"csp_xivcoelum_assault":2,
			"csp_xivcoelum_standard":2,
			"csp_xivfulgent_assault":2,
			"csp_xivfulgent_standard":2,
			"csp_xivglimmer_assault":2,
			"csp_xivglimmer_support":2,
			"csp_xivlumen_standard":2,
			"csp_xivlumen_support":2,
			"csp_xivscintilla_bomber":2,
			"csp_xivscintilla_standard":2,
			"csp_xivscintilla_strike":2,
		},
		"fleet_scaling_multiplier":0.25,
		#"fleet_min_FP":-1,
		"fleet_min_FP":250,
		"fleet_composition_faction":"remnant",
		"fleet_composition_quality":2,
		"fleet_transponder":false,
		"fleet_no_retreat": true,
		"fleet_behavior":"ROAMING",

		#"location_marketIDs":[],
		#"location_marketFactions":[],
		"location_distance":"CLOSE",
		"location_themes":[
			"theme_remnant_main",
			"theme_remnant_secondary",
			"theme_interesting",
			"theme_ruins_main",
		],
		"location_themes_blacklist":["no_pulsar_blackhole",
		"theme_already_occupied",
		"theme_hidden",],
		"location_entities":[
			"gate",
			"station",
			"stable_location",
			"comm_relay",
			"nav_buoy",
            "gas_giant",
			"planet",
			"jump_point"
		],
		"location_prioritizeUnexplored":true,
		"location_defaultToAnyEntity":true
        },


		"csp_pirate_xiv":{
    
			"required_mods_id": ["Csp"],
	
			#TRIGGERS (ALL OPTIONAL)
			
			"trigger_market_id": [],
			"trigger_marketFaction_any": ["hegemony","independent"],
			"trigger_marketFaction_alliedWith": true,
			#"trigger_marketFaction_none": [],
			#"trigger_marketFaction_enemyWith": false,
			"trigger_market_minSize": 0,
			"trigger_player_minLevel": 3,
			"trigger_min_days_elapsed": 1, 
			"trigger_weight_mult": 1,
			#"trigger_memKeys_all": {"$key":true,},
			#"trigger_memKeys_any": {"$key":true,},
			#"trigger_playerRelationship_atLeast": {"faction":0.0,},
			#"trigger_playerRelationship_atMost": {"faction":0.0,},
			
			#BOUNTY DESCRIPTION
			
			"job_name": "Imposter among us",
			"job_description": "Hegemony fleets have recently been getting attacked along normally safe routes. There is evidence to suggest a imposter masqueradeing as friendly colors. We ask for help from independent captains in elimanting this imposter and throwing them out the airlock for their crimes. ",
			#"job_comm_reply": "",
			"job_intel_success": "You successfully take out the imposter fleet, now Hegemony fleets can rest slightly easier with one less thing to worry about.",
			#"job_intel_failure": "",
			"job_intel_expired": "The imposter fleet manages to get away with its plundered cargo and ships, certain to return in the future more confidient and bigger goals in mind...",
			"job_forFaction": "hegemony",
			"job_deadline": 240,
			"job_credit_reward": 300000,
			"job_reward_scaling": 1.0,
			"job_reputation_reward":10,
			"job_item_reward": {"item":0,},
			"job_type":"neutralisation",
			"job_show_type": true,
			"job_show_captain": false,
			"job_show_fleet": "presetText",
			"job_show_distance": "vanilla",
			"job_show_arrow": false,
			"job_difficultyDescription": "auto",
			"job_pick_option": "Accept the job",
			#"job_pick_script": "data.script.script",
			"job_memKey":"$csp_pirate_xiv",
			#"job_conclusion_script":"data.script.script",
			
			#"existing_target_memkey":"$memKey",
	
			#TARGET COMMANDER (OPTIONAL)
			
			#"target_first_name":"",
			#"target_last_name":"",
			#"target_portrait":"",
			#"target_gender":"UNDEFINED",
			#"target_rank": "citizen",
			#"target_post": "spacer",
			#"target_personality": "aggressive",
			#"target_aiCoreId": null,
			#"target_level": 1,
			#"target_elite_skills":2,
			#"target_skill_preference": "ANY",
			#"target_skills": {"skill":1,}, 
		
		
			#TARGET FLEET
			
			"fleet_name":"Suspicious looking Hegemony Fleet",
			"fleet_faction": "pirates",
			"fleet_flagship_variant":"csp_motorheadxivp_rogue",
			"fleet_flagship_name":"Wildfire",
			"fleet_flagship_recoverable": true,
			"fleet_flagship_autofit": false,
			"fleet_preset_ships": {
				"csp_motorheadxivp_rogue":2,
				"csp_heliadaexivp_rogue":3,
				"csp_manticorexivp_rogue":3,
				"csp_motorhead_overdrive":2,
				"dominator_rogue":2,
				"eradicator_pirates_OverdrivenR":3,
				"enforcer_d_pirates_Strike":2,
		},
			"fleet_preset_autofit": false,
			"fleet_scaling_multiplier": 1.2,
			"fleet_min_FP": 180,
			"fleet_composition_faction": "pirates",
			"fleet_composition_quality": 2,
			"fleet_transponder": false,
			"fleet_no_retreat": false,
			"fleet_behavior": "GUARDED",
			
			#LOCATION
			
			#"location_entitiesID": ["location1",],
			#"location_marketFactions": ["faction",],
			"location_distance": "CLOSE",
			"location_themes": ["procgen_no_theme", "procgen_no_theme_pulsar_blackhole",],
			"location_themes_blacklist": ["theme_already_occupied", "theme_already_colonized", "theme_hidden", "no_pulsar_blackhole"],
			"location_entities": ["station","gas_giant","planet",],
			"location_prioritizeUnexplored": true,
			"location_defaultToAnyEntity": true,
		},
}
