{
	# should be a copy of "combatSmall", minus variants that are annoying to fight in low numbers
	# for example, no Hyperions or fast beam-based kiting loadouts, or ships with damper field
	
	"combatSmallForSmallFleet":{
		"csp_solarizedflare_Support":5,
		"csp_solarizedflare_LG_Support":6,	
	},

	"combatSmall":{
		"csp_solarizedflare_Standard":6,
		"csp_solarizedflare_Support":6,
		"csp_solarizedflare_LG_Standard":6,
		"csp_solarizedflare_LG_Support":5,
		"csp_fisheagleLG_elite":4,
		"csp_fisheagleLG_so":3,
		"csp_makoLG_flank":4,
		"csp_makoLG_standard":4,
		"csp_luminous_standard":4,
		"csp_luminous_support":4,
		"csp_luster_assault":4,
		"csp_luster_standard":5,
		"csp_ruination_standard":5,
		"csp_ruination_strike":5,
		"csp_ruination_support":5,
		"csp_slicer_standard":5,
		"csp_slicer_strike":4,
		"csp_slicer_support":4,
		"csp_dijeh_standard":5,
		"csp_dijeh_overdrive":3,
		"csp_dijeh_assault":4,
	},

	"combatMedium":{
		"csp_zagreus_standard":5,
		"csp_zagreus_Strike":4,
		"csp_zagreus_support":4,
		"csp_zagreus_Elite":3,
		"csp_Lanius_assault":4,
		"csp_Lanius_standard":5,
		"csp_Lanius_strike":3,
		"csp_Lanius_overdrive":3,
		"csp_vritra_standard":5,
		"csp_vritra_strike":4,
		"csp_vritra_overdrive":3,
		"csp_thanatos_standard":5,
		"csp_thanatos_strike":4,
		"csp_thanatos_overdrive":3,
		"csp_shocktrooper_assault":3,
		"csp_shocktrooper_standard":4,
		"csp_thornbill_standard":5,
		"csp_thornbill_support":4,
		"csp_thornbill_assault":4,
		"csp_kindlingLG_Standard":4,
		"csp_kindlingLG_Support":4,
		"csp_stringrayLG_standard":5,
		"csp_stringrayLG_so":4,		
		"csp_MidlineMech_standard":4,
		"csp_MidlineMech_assault":3,
		"csp_MidlineMech_support":3,
		"csp_LG_Mech_standard":6,
		"csp_LG_Mech_backup":5,
		"csp_LG_Mech_elite":5,
		"csp_cutlet_assault":2.5,
		"csp_cutlet_attack":2.5,
		"csp_cutlet_attack2":2.5,
		"csp_motorhead_standard":5,
		"csp_motorhead_Escort":4,
		"csp_motorhead_overdrive":3,
		"csp_motorhead_elite":3,
		"csp_manticorelg_standard":4,
		"csp_manticorelg_support":3,
		"csp_manticorelg_assault":3,
		"csp_whitefinlg_assault":4,
		"csp_whitefinlg_shieldbreaker":4,
		},
	"combatLarge":{
		"csp_brazaskLG_assault":4,
		"csp_brazaskLG_standard":4,
		"csp_bonnetheadlg_assault":4,
		"csp_bonnetheadlg_so":3,
		"csp_hesperidesp_Standard":6,
		"csp_hesperidesp_Strike":5	,
		"csp_LGbazaarfalcon_standard":6,
		"csp_LGbazaarfalcon_strike":6,
		"csp_LGbazaarfalcon_overdrive":4,
		"csp_enkindle_standard":5,
		"csp_enkindle_support":4,
		"csp_enkindle_assault":3,
		"csp_pyramid_attack":2.5,
		"csp_owlLG_standard":4,
		"csp_owlLG_assault":3,
	},

	"combatCapital":{
		"csp_Guts_Standard":5,
		"csp_Guts_Assault":4,
		"csp_Guts_Elite":3,
		"csp_skystrikerLG_beam":4,
		"csp_skystrikerLG_standard":5,
		"csp_garudalg_standard":4,
		"csp_garudalg_antifighter":3,
	},
	
	"civilianRandom":{
		"csp_hesperides_Standard":5,	
	},

	"carrierSmall":{
		"csp_heliadae_Standard":5,
		"csp_heliadae_bomber":5,
	},

	"carrierMedium":{
	"csp_advocator_defense":5,
	"csp_advocator_support":4,
	"csp_advocator_assault":4,
	"csp_advocator_elite":3,
	"csp_advocator_bomber":3,
	},

	"carrierLarge":{
		"csp_torch_standard":4,
		"csp_torch_swarm":3,
		"csp_torch_bomber":3,
	},

	
	"phaseMedium":{
		"csp_phasehead_Standard":6,
		"csp_phasehead_Strike":5,
		"csp_phasehead_xiv_Standard":7,
		"csp_phasehead_xiv_Strike":5,
		"csp_phasehead_LG_Standard":5,
		"csp_phasehead_LG_Strike":4,
		"csp_battlephantom_standard":4,
		"csp_battlephantom_support":4,
	},

	"phaseLarge":{
		"csp_altergeist_strike":4,
		"csp_altergeist_standard":5,
		"csp_altergeist_overdrive":3,
		"csp_altergeist_anchor":3,
		"csp_shadow_standard":4,
	},
	
	"phaseCapital":{
		"csp_Phasegon_Standard":4,
		"csp_Phasegon_Strike":3,
		"csp_Phasegon_Breaker":3,

	},

		
	"freighterMedium":{
		"csp_hesperides_Standard":5,
	},
	
	}
